transcript,length (bp),percent of coding region that multimaps,external multimaps,internal multimaps
YJL138C,1188,100.0,3.0,no
YIL173W,4650,100.0,6.0,no
YNL335W,678,100.0,1.0,no
YPL281C,1314,100.0,2.0,no
YNL336W,1146,100.0,9.0,no
YNL339C,5580,100.0,32.0,yes
YIR041W,375,100.0,25.0,no
YPL280W,714,100.0,2.0,no
YIL177C,5277,100.0,32.0,yes
YIL176C,363,100.0,24.0,no
YPL279C,1128,100.0,1.0,no
YPL278C,303,100.0,1.0,no
YIL172C,1770,100.0,6.0,no
YCR104W,375,100.0,23.0,no
YNR073C,1509,100.0,1.0,no
YDL133C-A,78,100.0,1.0,no
YNR076W,363,100.0,25.0,no
YDL136W,363,100.0,1.0,no
YHR219W,1875,100.0,19.0,yes
YHR218W,1812,100.0,29.0,no
YHR215W,1404,100.0,3.0,no
YHR214W,612,100.0,3.0,no
YHR213W-B,300,100.0,1.0,no
YDL184C,78,100.0,1.0,no
YNL334C,669,100.0,1.0,no
YNL333W,897,100.0,1.0,no
YDL191W,363,100.0,1.0,no
YJR156C,1023,100.0,3.0,no
YBR301W,363,100.0,24.0,no
YBR302C,1140,100.0,9.0,no
YJR161C,1152,100.0,9.0,no
YJR160C,1809,100.0,2.0,no
YCL066W,528,100.0,2.0,no
YCL067C,633,100.0,2.0,no
YCL069W,1377,100.0,1.0,no
YCL073C,1848,100.0,1.0,no
YJR159W,1074,100.0,1.0,no
YJR158W,1704,100.0,3.0,no
YJR145C,786,100.0,1.0,no
YCR096C,360,100.0,2.0,no
YCR039C,633,100.0,2.0,no
YCR040W,528,100.0,2.0,no
YNL302C,435,100.0,1.0,no
YNL332W,1023,100.0,3.0,no
YJL225C,5277,100.0,32.0,yes
YJL223C,363,100.0,24.0,no
YJL222W,4650,100.0,6.0,no
YJL221C,1770,100.0,6.0,no
YPL283C,5580,100.0,32.0,yes
YPL282C,495,100.0,25.0,no
YHR203C,786,100.0,1.0,no
YHR141C,321,100.0,1.0,no
YNL162W,321,100.0,1.0,no
YER190W,5046,100.0,32.0,yes
YFL068W,483,100.0,1.0,no
YFL065C,309,100.0,20.0,no
YFL064C,525,100.0,17.0,no
YFL062W,1140,100.0,9.0,no
YFL061W,678,100.0,1.0,no
YFL060C,669,100.0,1.0,no
YFL059W,897,100.0,1.0,no
YFL058W,1023,100.0,3.0,no
YOR396W,5391,100.0,32.0,yes
YOR394W,495,100.0,25.0,no
YDR542W,363,100.0,24.0,no
YOR182C,192,100.0,1.0,no
YDR545W,5391,100.0,32.0,yes
YER190C-B,483,100.0,1.0,no
YER189W,369,100.0,17.0,no
YOR393W,1314,100.0,2.0,no
YEL049W,363,100.0,24.0,no
YEL070W,1509,100.0,1.0,no
YOR391C,714,100.0,2.0,no
YEL075C,369,100.0,17.0,no
YEL076C,651,100.0,20.0,no
YEL076C-A,651,100.0,20.0,no
YDR385W,2529,100.0,1.0,no
YGL135W,654,100.0,1.0,no
YDL244W,1023,100.0,3.0,no
YOL121C,435,100.0,1.0,no
YDL245C,1704,100.0,3.0,no
YDL246C,1074,100.0,1.0,no
YHR055C,186,100.0,1.0,no
YHR054C,1065,100.0,1.0,no
YHR053C,186,100.0,1.0,no
YHL050C,2094,100.0,20.0,yes
YDR039C,3276,100.0,2.0,no
YHL049C,816,100.0,24.0,no
YPL220W,654,100.0,1.0,no
YHL046C,363,100.0,24.0,no
YGR296W,5580,100.0,32.0,yes
YOR133W,2529,100.0,1.0,no
YGR294W,363,100.0,24.0,no
YGR292W,1755,100.0,6.0,no
YOL157C,1770,100.0,6.0,no
YOL161C,363,100.0,25.0,no
YOL165C,432,100.0,4.0,no
YGR118W,438,100.0,1.0,no
YPL090C,711,100.0,1.0,no
YGL261C,363,100.0,24.0,no
YDR342C,1713,100.0,10.0,no
YDR343C,1713,100.0,10.0,no
YBR299W,1755,100.0,6.0,no
YOR390W,1128,100.0,1.0,no
YKL224C,372,100.0,25.0,no
YLR159W,345,100.0,4.0,no
YBL112C,318,100.0,18.0,no
YBL113C,2379,100.0,19.0,yes
YPR202W,717,100.0,17.0,no
YBR009C,312,100.0,1.0,no
YNL019C,855,100.0,1.0,no
YLR161W,345,100.0,4.0,no
YLR160C,1089,100.0,3.0,no
YLR159C-A,132,100.0,3.0,no
YBL108C-A,129,100.0,22.0,no
YLR158C,1089,100.0,3.0,no
YLR157W-D,213,100.0,3.0,no
YLR157C-C,132,100.0,3.0,no
YLR157C,1089,100.0,3.0,no
YLR156W,345,100.0,4.0,no
YLR156C-A,132,100.0,3.0,no
YLR155C,1089,100.0,3.0,no
YBL111C,2004,100.0,29.0,no
YPR203W,309,100.0,20.0,no
YNL030W,312,100.0,1.0,no
YAR064W,300,100.0,1.0,no
YML133C,4125,100.0,32.0,yes
YML132W,1140,100.0,9.0,no
YAL068C,363,100.0,24.0,no
YAR020C,168,100.0,22.0,no
YLR467W,5391,100.0,32.0,yes
YLR466W,4149,100.0,24.0,yes
YLR464W,651,100.0,20.0,no
YAR066W,612,100.0,3.0,no
YPR204W,3099,100.0,21.0,yes
YLR461W,363,100.0,24.0,no
YAR071W,1404,100.0,3.0,no
YLR287C-A,192,100.0,1.0,no
YMR321C,318,100.0,1.0,no
YMR322C,714,100.0,2.0,no
YMR323W,1314,100.0,2.0,no
YMR325W,375,100.0,24.0,no
YLR154C-H,132,100.0,3.0,no
YNL018C,1839,100.0,1.0,no
YKR059W,1188,100.0,3.0,no
YNL034W,1839,100.0,1.0,no
YBR181C,711,100.0,1.0,no
YNL033W,855,100.0,1.0,no
YPR132W,438,100.0,1.0,no
YBR118W,1377,100.0,1.0,no
YPR080W,1377,100.0,1.0,no
YLL064C,363,100.0,25.0,no
YKR106W,1848,100.0,1.0,no
YLL066C,3618,100.0,28.0,yes
YEL077C,3834,99.94783,21.0,yes
YLL067C,3618,99.88944000000001,28.0,yes
YCL068C,783,99.87229,1.0,no
YFL066C,1179,99.74555,21.0,no
YIL018W,765,99.73856,1.0,no
YFR031C-A,765,99.73856,1.0,no
YLR462W,609,99.67159000000001,21.0,no
YHL033C,771,99.22179,1.0,no
YLL045C,771,99.22179,1.0,no
YDL229W,1842,99.18567,7.0,no
YER102W,603,99.17081,1.0,no
YBL072C,603,99.17081,1.0,no
YNL209W,1842,99.13138,8.0,no
YDR012W,1089,99.08172,1.0,no
YBR031W,1089,99.08172,1.0,no
YDL247W,1830,98.79782,2.0,no
YML024W,411,98.78345999999999,1.0,no
YDR447C,411,98.78345999999999,1.0,no
YNL140C,570,98.77193,1.0,no
YHR211W,3228,98.20322,6.0,yes
YJR009C,999,98.0981,2.0,no
YGR192C,999,98.0981,2.0,no
YLR261C,327,97.85933,1.0,no
YLL024C,1920,97.60417,8.0,no
YDR040C,3276,97.46642,2.0,no
YEL069C,1695,97.40413000000001,3.0,no
YNR072W,1695,97.40413000000001,3.0,no
YPL277C,1464,97.19945,1.0,no
YKR094C,387,97.15762,3.0,no
YFL020C,369,97.01897,25.0,no
YAL005C,1929,96.99326,8.0,no
YIR043C,1137,96.92172,9.0,no
YDR038C,3276,96.88644,2.0,no
YDR450W,441,96.59864,1.0,no
YML026C,441,96.59864,1.0,no
YGL051W,705,96.59575,4.0,no
YAR033W,705,96.59575,4.0,no
YLL025W,375,96.53333,23.0,no
YLR037C,375,96.53333,24.0,no
YIL148W,387,96.38243,3.0,no
YIL069C,408,96.32353000000002,1.0,no
YER074W,408,96.32353000000002,1.0,no
YDL083C,432,96.2963,1.0,no
YMR143W,432,96.2963,1.0,no
YDL248W,1152,96.26736,9.0,no
YPR102C,525,96.19048,1.0,no
YGR085C,525,96.19048,1.0,no
YBR048W,471,96.17835,1.0,no
YDR025W,471,96.17835,1.0,no
YJL219W,1704,95.24648,9.0,no
YOL156W,1704,95.24648,9.0,no
YPL079W,483,95.2381,1.0,no
YBR191W,483,95.2381,1.0,no
YGR295C,1146,95.02618,9.0,no
YAL063C,3969,94.93575,6.0,yes
YHR213W,597,94.63987,5.0,no
YHL048W,1146,94.58988000000002,9.0,no
YBR084C-A,570,94.5614,1.0,no
YBL027W,570,94.5614,1.0,no
YBL003C,399,94.48621,1.0,no
YDR225W,399,94.48621,1.0,no
YGL258W,621,94.2029,1.0,no
YOR387C,621,94.2029,1.0,no
YHL001W,417,93.52518,1.0,no
YKL006W,417,93.52518,1.0,no
YML073C,531,93.40866,1.0,no
YLR448W,531,93.40866,1.0,no
YAR050W,4614,93.28132,5.0,yes
YLR344W,384,92.96875,1.0,no
YGR034W,384,92.96875,1.0,no
YDL082W,600,92.83333,1.0,no
YMR142C,600,92.83333,1.0,no
YLR333C,327,92.66055,1.0,no
YGR027C,327,92.66055,1.0,no
YGR254W,1314,92.61796,1.0,no
YHR174W,1314,92.61796,1.0,no
YOR389W,1875,92.42667,2.0,no
YNL301C,561,92.33512,1.0,no
YOL120C,561,92.33512,1.0,no
YCR102C,1107,90.69557,1.0,no
YOR105W,327,90.51988,1.0,no
YOR312C,519,90.36609,1.0,no
YMR242C,519,90.36609,1.0,no
YMR121C,615,90.0813,1.0,no
YLR029C,615,90.0813,1.0,no
YBR010W,411,89.78101999999998,1.0,no
YNL031C,411,89.78101999999998,1.0,no
YOL166W-A,156,89.74359000000003,3.0,no
YER056C-A,366,89.34425999999998,1.0,no
YIL052C,366,89.34425999999998,1.0,no
YLR460C,1131,88.771,2.0,no
YGL076C,735,88.70747999999998,1.0,no
YPL198W,735,88.70747999999998,1.0,no
YML063W,768,88.02083,1.0,no
YLR441C,768,88.02083,1.0,no
YNR077C,255,87.84314,3.0,no
YKR057W,264,87.5,1.0,no
YJL136C,264,87.5,1.0,no
YNL067W,576,87.15278,1.0,no
YGL147C,576,87.15278,1.0,no
YLR157W-E,165,86.66667,3.0,no
YDL061C,171,86.54970999999998,1.0,no
YLR388W,171,86.54970999999998,1.0,no
YJR047C,474,86.49789000000001,1.0,no
YEL034W,474,86.49789000000001,1.0,no
YGR148C,468,85.89743000000001,1.0,no
YGL031C,468,85.89743000000001,1.0,no
YGL189C,360,85.55555,1.0,no
YER131W,360,85.55555,1.0,no
YDL243C,990,85.45455,4.0,no
YNR065C,3351,84.00478000000003,5.0,no
YLL039C,1146,83.68238000000002,3.0,yes
YDR500C,267,83.5206,1.0,no
YLR185W,267,83.5206,1.0,no
YDR471W,411,82.96837,1.0,no
YHR010W,411,82.96837,1.0,no
YMR169C,1521,82.90598,1.0,no
YMR170C,1521,82.90598,1.0,no
YBL087C,414,82.85024,1.0,no
YER117W,414,82.85024,1.0,no
YPL240C,2130,82.72299999999998,1.0,no
YMR186W,2118,82.62511999999998,1.0,no
YGR214W,759,82.21344,1.0,no
YLR048W,759,82.21344,1.0,no
YER138W-A,105,81.90476,2.0,no
YKL180W,555,81.8018,1.0,no
YJL177W,555,81.8018,1.0,no
YER188C-A,300,81.33333,3.0,no
YDL182W,1287,80.96348,1.0,no
YCR031C,414,80.67633000000002,1.0,no
YBR189W,588,80.27211,1.0,no
YJL191W,417,80.09591999999998,1.0,no
YOR293W,318,79.87420999999998,1.0,no
YMR230W,318,79.87420999999998,1.0,no
YPL081W,594,79.46128,1.0,no
YDR312W,1362,79.36856999999999,1.0,no
YHR066W,1362,79.36856999999999,1.0,no
YDL075W,342,79.23977,1.0,no
YLR406C,342,79.23977,1.0,no
YBR219C,384,79.16667,1.0,no
YGL259W,498,78.91566,1.0,no
YDL131W,1323,78.76039,1.0,no
YKR105C,1749,78.7307,1.0,no
YLR367W,393,78.3715,1.0,no
YJL190C,393,78.3715,1.0,no
YCR024C-A,123,78.04878000000002,1.0,no
YNL331C,1131,77.09991000000002,4.0,no
YCR108C,192,75.52083,4.0,no
YLR432W,1572,74.68193000000002,2.0,no
YPL143W,324,73.76543000000002,1.0,no
YOR234C,324,73.76543000000002,1.0,no
YJL052W,999,73.17316999999998,2.0,no
YGL053W,714,73.10925,6.0,no
YEL017C-A,132,72.72726999999999,1.0,no
YAL065C,387,72.60982,4.0,yes
YLR044C,1692,71.74941,2.0,no
YLR134W,1692,71.69031,2.0,no
YGR287C,1770,70.56496999999997,6.0,no
YDR418W,498,70.48193,1.0,no
YEL054C,498,70.48193,1.0,no
YHR043C,741,70.44534999999998,1.0,no
YHR044C,741,70.44534999999998,1.0,no
YDL137W,546,70.32967,1.0,no
YDL192W,546,70.32967,1.0,no
YPR043W,279,70.2509,1.0,no
YJR094W-A,279,70.2509,1.0,no
YMR173W,1293,70.06961,0.0,yes
YKL164C,1026,69.98051,3.0,yes
YGR138C,1845,69.32249,1.0,no
YCR107W,1092,69.04762,4.0,no
YHR092C,1731,68.9197,10.0,no
YER011W,765,68.49673,4.0,yes
YPR156C,1869,68.43231999999999,1.0,no
YDR345C,1704,67.95774999999999,10.0,no
YOR192C-C,237,67.93249,2.0,no
YAL064C-A,381,67.45406999999999,4.0,no
YMR303C,1047,66.76218,2.0,no
YBR093C,1404,65.66951,3.0,no
YBL002W,396,65.65656999999999,1.0,no
YDR224C,396,65.65656999999999,1.0,no
Q0105,1158,65.6304,3.0,no
YDL188C,1134,65.4321,2.0,no
YOL086C,1047,65.42503,3.0,no
YBR092C,1404,65.02849,3.0,no
YDL134C,1110,63.96396,1.0,no
YOR010C,756,63.62434,4.0,yes
YFL067W,528,63.06818000000001,0.0,yes
YMR194W,303,63.0363,1.0,no
YPL249C-A,303,63.0363,1.0,no
YHR216W,1572,62.84987,2.0,no
YHR094C,1713,62.17163000000001,10.0,no
YJL159W,1242,60.78905,6.0,yes
Q0045,1605,60.685359999999996,5.0,no
YJR155W,867,60.55363000000001,4.0,no
YIR019C,4104,58.9425,1.0,yes
YIL169C,2988,58.099059999999994,4.0,yes
YAR031W,897,57.07915,6.0,no
YOR192C,1800,56.88889,2.0,no
YLR110C,402,56.71641999999999,1.0,no
YER060W-A,1593,56.4344,2.0,no
Q0065,1671,55.95452,6.0,no
YOR072W-B,162,55.55555999999999,2.0,no
YDR134C,411,55.47445,1.0,no
YAL067W-A,228,55.26316,2.0,no
YOR167C,204,54.90196,1.0,no
YLR264W,204,54.90196,1.0,no
YNL190W,615,53.98374,0.0,yes
YKL163W,978,52.556230000000006,3.0,yes
YDR534C,1587,52.42596,1.0,yes
YLR237W,1797,52.4207,2.0,no
YBR089C-A,300,52.33333,1.0,no
YHR021C,249,52.20882999999999,1.0,no
YKL156W,249,52.20882999999999,1.0,no
YOR071C,1797,52.14246,2.0,no
Q0070,1893,51.45272,5.0,no
YER056C,1602,51.4357,2.0,no
YNL069C,597,50.92127000000001,1.0,no
YIL133C,600,50.66667,1.0,no
Q0120,1917,50.5999,4.0,no
YGL260W,231,49.78354999999999,1.0,no
YLR262C,648,49.38272,1.0,no
YNL096C,573,49.04014,1.0,no
YOR096W,573,49.04014,1.0,no
YER081W,1410,48.86525,1.0,no
YIL074C,1410,48.86525,1.0,no
YOL055C,1656,48.24879,2.0,no
YOR383C,615,48.13008,1.0,yes
YGL062W,3537,48.00678,1.0,no
YBR218C,3543,47.92549,1.0,no
YOL013W-A,192,46.875,2.0,no
YDR077W,1017,46.21436,1.0,yes
YLR167W,459,45.53377,3.0,no
YPL187W,498,44.97992,1.0,yes
YJR151C,3486,44.86518,9.0,yes
YOR394C-A,168,44.64286,1.0,no
YOL155C,2904,44.38705,4.0,yes
YOR108W,1815,44.02204,1.0,no
YER066W,558,43.01075,1.0,no
YNL104C,1860,42.95699000000001,1.0,no
YML056C,1575,42.92063,2.0,no
YBR090C,369,42.54743,1.0,no
YCR099C,468,41.02564,3.0,no
YCR038C,1929,40.53914,1.0,no
YHR056C,2652,40.15837,1.0,no
YGL008C,2757,39.49946,2.0,no
YLR180W,1149,39.07746,1.0,no
YDR502C,1155,38.87446,1.0,no
YPL036W,2844,38.291140000000006,2.0,no
YAR068W,486,37.86008,2.0,yes
YNR075C-A,93,37.63441,1.0,no
YPL258C,1656,37.43961,2.0,no
YIL060W,435,37.01150000000001,2.0,no
YOL039W,321,35.82554000000001,4.0,no
YCR100C,951,35.01577,5.0,no
YOR104W,849,34.86455,1.0,no
YNL184C,327,34.55657,1.0,no
YPR145W,1719,34.554970000000004,1.0,no
YGR124W,1719,34.554970000000004,1.0,no
YDL037C,987,34.54914,1.0,yes
YNL042W-B,258,34.496120000000005,2.0,no
YDR210W,228,34.21053,0.0,yes
Q0110,1272,33.88365,3.0,no
YDR382W,333,33.63363,3.0,no
YOR009W,1464,33.19672,3.0,yes
Q0115,1554,32.68983,3.0,no
YPL273W,978,32.51534,1.0,no
YLR293C,660,31.66667,1.0,no
YOR185C,663,31.52338,1.0,no
YJR048W,330,29.69697,1.0,no
YLR342W,5631,29.621740000000006,2.0,no
YCL042W,360,29.444440000000004,1.0,no
YKR102W,3510,29.40171,6.0,yes
YKL219W,1224,29.08497000000001,11.0,no
YGR032W,5688,28.797470000000004,2.0,no
YDR150W,8247,28.7256,0.0,yes
YEL039C,342,28.65497,1.0,no
YJL041W,2472,28.3576,0.0,yes
YBR297W,1407,27.07889,3.0,no
YLR081W,1725,26.95652,11.0,no
YDL130W,321,26.47975,4.0,no
YIR039C,1614,26.45601,2.0,no
YPR121W,1719,25.363579999999995,2.0,no
YDR099W,822,25.30414,43.0,yes
YML085C,1344,25.29762000000001,2.0,no
YKL096W-A,279,25.08961,2.0,no
YBR054W,1035,25.02415,1.0,yes
YDR182W-A,204,25.0,1.0,no
YFL010W-A,285,24.5614,0.0,yes
YPR163C,1311,24.48513,0.0,yes
YMR011W,1626,24.16974,10.0,no
YMR043W,861,24.157960000000006,46.0,no
YNL185C,477,23.689729999999997,1.0,no
YBL017C,4740,23.62869,5.0,no
YER177W,804,23.50746,12.0,no
YML124C,1338,22.79522,1.0,no
YFL050C,2577,22.77842,1.0,no
YOL130W,2580,22.75194,1.0,no
YIL029C,429,22.61072,1.0,no
YMR008C,1995,22.40601,2.0,yes
YDR033W,963,22.11838,1.0,no
YFR053C,1458,21.87929,1.0,no
YGL253W,1461,21.834360000000004,1.0,no
YJR045C,1965,21.22137,10.0,no
YDR155C,489,21.06339,3.0,no
YHR096C,1779,20.62957,8.0,no
YDL022C-A,249,20.08032,1.0,no
YLL053C,459,20.043570000000006,2.0,no
YDR420W,5409,20.02219,0.0,yes
Q0060,1248,19.71154,5.0,no
YIL011W,810,18.88889,0.0,yes
YJL158C,684,18.71345,2.0,no
YDL014W,984,18.69919,0.0,yes
YMR317W,3423,18.66783,0.0,yes
YMR083W,1128,18.52837,3.0,no
YER060W,1587,18.273470000000003,2.0,no
YER062C,753,18.19389,1.0,no
YIL053W,753,18.19389,1.0,no
YHR183W,1470,18.09524,1.0,no
YBR220C,1683,18.06298,1.0,no
YGR256W,1479,17.985120000000006,1.0,no
YDL039C,2097,17.835,0.0,yes
YAR027W,708,17.79661,5.0,no
YKL220C,2136,17.79026,1.0,no
YOR381W,2136,17.79026,2.0,no
YCR041W,333,17.71772,2.0,no
YMR006C,2121,17.58604,1.0,no
YBR016W,387,17.57106,0.0,yes
YNR066C,1311,17.543860000000002,5.0,no
YJL214W,1710,16.95906,9.0,no
YAR028W,705,16.87943,4.0,no
YEL030W,1935,16.84754,5.0,no
YBR067C,633,16.74566,1.0,yes
YKL081W,1239,16.707020000000004,1.0,no
YBR145W,1056,16.66667,2.0,no
YLR061W,366,16.66667,2.0,no
YPL048W,1248,16.58654,1.0,no
YNL208W,600,16.33333,0.0,yes
Q0140,1197,16.290729999999996,24.0,yes
YPR071W,636,15.25157,1.0,no
YKL117W,651,15.20737,1.0,yes
YKR092C,1221,15.15152,20.0,yes
YDR073W,510,14.90196,1.0,yes
YFR033C,444,14.864860000000002,6.0,no
YGL258W-A,234,14.529920000000002,1.0,no
YJR150C,897,14.49275,21.0,yes
YLR450W,3138,14.276610000000002,1.0,no
YKL032C,1794,14.158310000000002,61.0,yes
YML075C,3165,14.15482,1.0,no
YPR196W,1413,14.154279999999998,1.0,no
YDL081C,321,14.01869,3.0,no
YLR437C,402,13.93035,19.0,no
YAR029W,225,13.777779999999998,2.0,no
YMR070W,1473,13.306179999999998,30.0,yes
YGR014W,3921,13.083399999999996,0.0,yes
YJL034W,2049,12.933139999999998,7.0,no
YLR390W-A,717,12.83124,0.0,yes
YNL079C,600,12.66667,0.0,yes
YDR353W,960,12.5,1.0,no
YIL066C,2610,12.41379,1.0,no
YBR135W,453,12.36203,39.0,no
YNR044W,2178,12.35078,0.0,yes
YOL105C,1671,12.32795,0.0,yes
YLR043C,312,12.179489999999998,1.0,no
YER070W,2667,12.148480000000001,1.0,no
YJR146W,354,12.14689,1.0,no
YGR209C,315,12.063489999999998,1.0,no
YML053C,639,12.05008,16.0,yes
YNL139C,4794,11.74385,1.0,no
YBR112C,2901,11.7201,60.0,yes
YHR106W,1029,11.66181,1.0,no
YCR087C-A,462,11.47186,3.0,yes
YNL154C,1641,11.45643,4.0,no
YLR361C-A,297,11.44781,11.0,no
YKL201C,3537,11.39384,0.0,yes
YCR089W,4830,11.20083,1.0,yes
YLL052C,450,11.11111,1.0,no
YMR246W,2085,11.03118,2.0,no
YFL052W,1398,11.01574,2.0,no
YFL010C,636,11.00629,0.0,yes
YHR089C,618,10.84142,0.0,yes
YJR115W,510,10.784310000000001,0.0,yes
YBL075C,1950,10.61538,7.0,no
YNL270C,1722,10.56911,1.0,no
YOR153W,4536,10.51587,4.0,no
YLR249W,3135,10.46252,2.0,no
YDL022W,1176,10.459180000000002,1.0,no
YGL122C,1578,10.32953,24.0,yes
YFL009W,2340,10.25641,1.0,no
YMR164C,2277,10.23276,88.0,yes
YGL058W,519,10.21195,8.0,yes
YOR382W,462,10.17316,2.0,no
YJL216C,1746,10.13746,6.0,no
YGL181W,1191,9.991599999999998,6.0,yes
YER103W,1929,9.95334,9.0,no
YNL143C,393,9.923660000000002,0.0,yes
YNL268W,1836,9.91285,1.0,no
YER133W,939,9.90415,2.0,no
YHR135C,1617,9.771180000000001,9.0,no
YDR304C,678,9.587019999999999,1.0,no
YDL012C,324,9.5679,1.0,no
Q0055,2565,9.473680000000002,5.0,no
YDR504C,384,9.375,0.0,yes
YLR104W,396,9.34343,12.0,no
YFR036W,375,9.33333,1.0,no
YLR330W,2016,9.325399999999998,3.0,yes
YOL059W,1323,9.29705,1.0,no
YGL066W,1974,9.21986,35.0,no
YOR327C,348,9.1954,1.0,no
YNL066W,1263,9.18448,3.0,no
YCL040W,1503,9.18164,2.0,no
YHR047C,2571,9.06262,1.0,no
YOL051W,3246,9.0573,42.0,yes
YAL030W,354,9.03955,1.0,no
YHR162W,390,8.97436,1.0,no
YFR016C,3702,8.94111,23.0,yes
YBL068W,981,8.8685,2.0,no
YKR013W,990,8.787880000000001,1.0,yes
YNL117W,1665,8.76877,1.0,no
YIR031C,1665,8.76877,1.0,no
YMR263W,606,8.74587,18.0,yes
YBR085W,924,8.549780000000002,1.0,no
YGL089C,363,8.539939999999998,1.0,no
YIL123W,1431,8.455630000000001,4.0,yes
YLR013W,426,8.4507,1.0,no
YNL016W,1362,8.37004,34.0,no
YPL232W,873,8.361970000000001,1.0,no
Q0050,2505,8.30339,5.0,no
YBL030C,957,8.254960000000002,1.0,no
YMR183C,888,8.22072,1.0,no
YFL023W,2391,8.15558,0.0,yes
YKL157W,2859,8.1497,1.0,no
YFL034C-A,369,8.130080000000001,1.0,no
YML071C,1824,8.11404,0.0,yes
YLR174W,1239,8.071019999999999,2.0,no
YER099C,957,8.045980000000002,2.0,no
YJL045W,1905,8.0315,1.0,no
YMR074C,438,7.99087,1.0,no
YKL148C,1923,7.95632,1.0,no
YGR243W,441,7.936510000000001,1.0,no
YNL112W,1641,7.922000000000001,5.0,no
YNL327W,3126,7.90147,0.0,yes
YGR087C,1692,7.860519999999999,2.0,no
YOR310C,1536,7.8125,3.0,yes
YHL011C,963,7.788160000000001,2.0,no
YDR406W,4590,7.755989999999999,4.0,no
YEL007W,2001,7.746130000000001,33.0,yes
YBR244W,489,7.566460000000001,1.0,no
YIR037W,492,7.52033,1.0,no
YJL020C,3474,7.51295,0.0,yes
YOR054C,2025,7.506169999999999,27.0,yes
YPL190C,2409,7.388960000000003,86.0,yes
YLR197W,1515,7.326729999999999,3.0,yes
YMR109W,3660,7.3224,1.0,no
YGL028C,1629,7.3051,2.0,yes
YHR126C,480,7.291669999999999,1.0,no
YCR101C,549,7.28597,1.0,no
YBR289W,2718,7.28477,74.0,yes
YKL028W,1449,7.177360000000001,21.0,yes
YFR024C-A,1380,7.10145,2.0,no
YPL229W,621,7.08535,26.0,no
YDR145W,1620,7.037039999999999,55.0,yes
YDL161W,1365,7.0329700000000015,20.0,no
YKL129C,3819,7.017539999999999,1.0,no
YNR052C,1302,6.989249999999998,38.0,yes
YER150W,447,6.935119999999999,1.0,no
YKR042W,1098,6.9216799999999985,2.0,yes
YML078W,549,6.9216799999999985,1.0,no
YML074C,1236,6.87702,18.0,yes
YCR073W-A,948,6.85654,1.0,no
YEL044W,501,6.78643,6.0,no
YLR307W,906,6.7328899999999985,1.0,no
YNR034W,966,6.72878,1.0,no
YCL025C,1902,6.677180000000001,1.0,no
YIL009W,2085,6.57074,1.0,no
YKR045C,552,6.5217399999999985,16.0,no
YFL011W,1641,6.520409999999997,4.0,no
YLR308W,939,6.49627,1.0,no
YER030W,462,6.49351,1.0,no
YGR023W,1656,6.46135,4.0,yes
YFR008W,666,6.45646,24.0,yes
YNL014W,3135,6.443380000000001,1.0,no
YML113W,747,6.425700000000001,21.0,yes
YGL237C,798,6.39098,28.0,no
YDR497C,1755,6.3817699999999995,1.0,no
YDL175C,1035,6.376810000000001,1.0,no
YDR508C,1992,6.375499999999999,1.0,no
YBL081W,1107,6.3234,42.0,yes
YBL029W,1131,6.27763,21.0,yes
YGR189C,1524,6.2336,0.0,yes
YOR375C,1365,6.2271100000000015,1.0,no
YAL062W,1374,6.1863199999999985,1.0,no
YLR175W,1452,6.12948,3.0,yes
YOL103W,1830,6.120219999999999,1.0,no
YGR279C,1161,6.1154199999999985,1.0,no
YLR114C,2295,6.100219999999998,2.0,yes
YIL079C,1083,6.094180000000001,1.0,no
YOR099W,1182,6.09137,2.0,no
YKL054C,2217,6.08931,17.0,yes
YLR270W,1053,6.077869999999999,1.0,no
YMR305C,1170,6.068380000000001,1.0,no
YDL167C,2160,6.06481,13.0,yes
YOR173W,1062,6.02637,1.0,no
YLL010C,1284,5.99688,3.0,yes
YDR011W,4506,5.9920100000000005,4.0,no
YJL065C,504,5.952380000000002,1.0,no
YGR159C,1245,5.94378,10.0,yes
YDR174W,741,5.937919999999999,8.0,no
YPR154W,648,5.8641999999999985,14.0,no
YOR317W,2103,5.84879,2.0,no
YDL035C,2886,5.82121,34.0,yes
YGL078C,1572,5.72519,5.0,no
YJL198W,2646,5.70673,1.0,no
YOR229W,1404,5.698009999999999,3.0,yes
YIL115C,4383,5.68104,0.0,yes
YJL139C,1287,5.67211,2.0,no
YFL038C,621,5.63607,1.0,no
YPR042C,3228,5.57621,33.0,yes
YLR258W,2118,5.5240800000000005,1.0,no
YFR015C,2127,5.5007100000000015,1.0,no
YPL158C,2277,5.489680000000001,8.0,yes
YDL140C,5202,5.47866,1.0,yes
YCR037C,2772,5.447330000000001,1.0,no
YCR007C,720,5.416669999999999,1.0,no
YIR006C,4443,5.40176,13.0,yes
YIR010W,1731,5.31485,3.0,yes
YKL166C,1197,5.26316,2.0,no
YPL016W,3945,5.24715,30.0,yes
YGL210W,669,5.23169,1.0,no
YIL152W,708,5.22599,2.0,no
YGR288W,1422,5.20394,2.0,no
YDR173C,1068,5.14981,14.0,yes
YCL028W,1218,5.09031,0.0,yes
YKR061W,1278,5.0860699999999985,2.0,no
YBL069W,1290,5.03876,1.0,no
YER101C,1293,5.02707,1.0,no
YNR014W,639,5.00782,3.0,no
YMR105C,1710,4.9707599999999985,1.0,no
YKL127W,1713,4.962059999999999,1.0,no
YBR298C,1845,4.932250000000002,2.0,no
YPL179W,1650,4.90909,2.0,no
YOR204W,1815,4.903580000000001,3.0,no
YDL066W,1287,4.8951,1.0,no
YLR206W,1842,4.8859900000000005,34.0,yes
YER002W,696,4.885059999999998,1.0,no
YJL098W,3177,4.878819999999998,2.0,no
YMR205C,2880,4.86111,1.0,no
YEL036C,1503,4.85695,67.0,yes
YKR072C,1689,4.85494,9.0,yes
YLR435W,618,4.8543699999999985,1.0,no
YPR015C,744,4.83871,1.0,no
YHR016C,1407,4.83298,1.0,no
YPR074C,2043,4.796869999999998,1.0,no
YLR340W,939,4.792330000000001,4.0,no
YBR117C,2046,4.7898299999999985,1.0,no
YNL009W,1263,4.750590000000001,1.0,no
YGR240C,2964,4.72335,1.0,no
YMR269W,636,4.71698,1.0,no
YDR289C,1230,4.63415,19.0,yes
YOR197W,1299,4.61894,0.0,yes
YGL039W,1047,4.584530000000001,2.0,no
YKL096W,720,4.58333,1.0,no
YHR131C,2553,4.58284,24.0,yes
YPR192W,918,4.57516,1.0,no
YOL151W,1029,4.56754,2.0,no
YIL130W,2895,4.55959,53.0,yes
YDL186W,834,4.55635,5.0,no
YCR067C,3198,4.53408,3.0,yes
YMR273C,2748,4.51237,19.0,yes
YIL013C,4236,4.50897,2.0,no
YDR432W,1245,4.4979900000000015,0.0,yes
YOR304W,3363,4.4900400000000005,3.0,no
YOR011W,4185,4.42055,1.0,no
YDR009W,1563,4.4145900000000005,1.0,no
YLR058C,1410,4.39716,1.0,no
YIR016W,798,4.38596,2.0,no
YOR123C,1395,4.37276,2.0,no
YNL151C,756,4.365080000000002,2.0,no
YBR020W,1587,4.34783,1.0,no
YBR150C,3285,4.32268,43.0,yes
YDR409W,2715,4.3093900000000005,27.0,yes
YDR046C,1815,4.29752,2.0,no
YLR025W,723,4.28769,1.0,no
YER039C,750,4.26667,1.0,no
YPL226W,3591,4.26065,1.0,yes
YDR272W,825,4.242419999999999,1.0,no
YML016C,2079,4.2328,2.0,no
YBR263W,1473,4.2091,1.0,no
YGL081W,963,4.15369,13.0,no
YLR141W,1092,4.1208800000000005,0.0,yes
YOR040W,858,4.07925,1.0,no
YPL184C,1839,4.0783,9.0,yes
YGR103W,1818,4.07041,1.0,yes
YBL007C,3735,4.06961,0.0,yes
YNL308C,1776,4.05405,5.0,no
YBR108W,2844,4.0436,20.0,yes
YCR073C,3996,4.004,1.0,no
YJR147W,1077,3.9925699999999993,1.0,no
YDL173W,888,3.94144,4.0,no
YML017W,1782,3.92817,19.0,yes
YGR280C,816,3.9215699999999996,1.0,no
YBR212W,2019,3.912830000000001,21.0,yes
YMR034C,1305,3.90805,1.0,no
YNL058C,951,3.8906400000000003,7.0,no
YMR204C,1263,3.87965,6.0,no
YNL027W,2037,3.87825,29.0,yes
YHL020C,1215,3.86831,30.0,yes
YHR030C,1455,3.8488,30.0,yes
YNL078W,1224,3.83987,0.0,yes
YGR204W,2841,3.8366800000000003,1.0,no
YER158C,1722,3.83275,1.0,yes
YHL024W,2142,3.8282,28.0,no
YJL123C,1437,3.82742,13.0,yes
YKR052C,915,3.82514,1.0,no
YDR148C,1392,3.80747,0.0,yes
YPL146C,1368,3.80117,15.0,yes
YDR436W,2133,3.7974699999999992,3.0,no
YJL079C,900,3.7777800000000004,1.0,no
YPR013C,954,3.7735800000000004,1.0,no
YPR148C,1308,3.74618,2.0,no
YIR023W,2913,3.74185,44.0,yes
YKR028W,3102,3.73952,1.0,no
YLR449W,1179,3.73198,18.0,yes
YBR084W,2928,3.72268,1.0,no
YJL133W,945,3.7037,1.0,no
YNL161W,2271,3.69881,33.0,no
YOR008C,1137,3.6939300000000004,0.0,yes
YDR483W,1329,3.68698,2.0,no
YHR161C,1914,3.65726,33.0,yes
YPL274W,1764,3.6281199999999987,2.0,no
YAL021C,2514,3.61973,35.0,yes
YOR028C,888,3.6036,1.0,no
YBL084C,2277,3.6012300000000006,29.0,yes
YPL089C,2031,3.59429,34.0,no
YPR120C,1308,3.5932699999999995,14.0,no
YHR143W,978,3.5787300000000006,1.0,no
YJL115W,840,3.5714300000000003,1.0,no
YEL040W,1404,3.56125,2.0,yes
YPL009C,3117,3.5611199999999994,30.0,yes
YDL024C,1407,3.5536600000000003,1.0,no
YBR068C,1830,3.55191,1.0,no
YOR321W,2262,3.536690000000001,1.0,no
YGL025C,1194,3.51759,24.0,yes
YAL023C,2280,3.5087699999999997,1.0,no
YDR228C,1881,3.5087699999999997,48.0,yes
YKL172W,1284,3.5046699999999995,23.0,yes
YHR061C,945,3.4920599999999995,1.0,no
YDR388W,1449,3.45066,0.0,yes
YNL186W,2379,3.4468300000000007,0.0,yes
YOR267C,2280,3.4210500000000006,29.0,yes
YKL139W,1587,3.40265,21.0,yes
YNR031C,4740,3.3755300000000004,1.0,no
YDR001C,2256,3.36879,1.0,no
YDR299W,1605,3.36449,18.0,no
YHR077C,3270,3.36391,17.0,yes
YPR152C,1398,3.36195,2.0,yes
YPR159W,2163,3.32871,1.0,no
YGL164C,1323,3.3257700000000003,2.0,yes
YDR068W,933,3.32262,1.0,no
YPL230W,1176,3.3163300000000007,3.0,no
YNL229C,1065,3.2863800000000007,2.0,no
YDL153C,1833,3.27332,3.0,no
YJL116C,1014,3.25444,1.0,no
YBR001C,2343,3.2437,1.0,no
YKL105C,3399,3.20683,17.0,yes
YOR120W,939,3.19489,1.0,no
YDR368W,939,3.19489,1.0,no
YBR245C,3390,3.18584,2.0,no
YOR113W,2745,3.1694,24.0,yes
YDL005C,1296,3.16358,13.0,no
YGL157W,1044,3.1609199999999995,2.0,no
YGL225W,1014,3.1558200000000003,1.0,no
YGL203C,2190,3.1506800000000004,5.0,no
YLR286C,1689,3.1379500000000005,0.0,yes
YER075C,2787,3.12164,12.0,no
YFL024C,2499,3.12125,27.0,no
YGR143W,2316,3.10881,1.0,no
YLR228C,2445,3.10838,1.0,no
YIL105C,2061,3.10529,56.0,yes
YOL144W,1455,3.0927800000000003,18.0,no
YBL091C,1266,3.0805700000000003,7.0,no
YOR372C,1665,3.06306,36.0,yes
YLR260W,2064,3.05233,0.0,yes
YLR216C,1116,3.04659,1.0,no
YGL209W,1149,3.04613,1.0,no
YGR010W,1188,3.0302999999999995,1.0,no
YOL054W,1221,3.0302999999999995,2.0,no
YPL209C,1104,2.9891300000000003,1.0,no
YLR328W,1206,2.98507,1.0,no
YPL026C,1509,2.98211,35.0,no
YGL086W,2250,2.9777800000000005,18.0,yes
YPL058C,4536,2.9761900000000003,2.0,no
YNL298W,2529,2.9656,19.0,yes
Q0255,1419,2.9598299999999997,18.0,no
YIL126W,4080,2.94118,1.0,no
YOR290C,5112,2.93427,2.0,no
YLR304C,2337,2.90971,1.0,no
YDR346C,1446,2.90456,1.0,yes
YPR065W,1107,2.8907,1.0,no
YLL043W,2010,2.88557,21.0,no
YPL049C,1359,2.86976,2.0,no
YJL200C,2370,2.8692,1.0,no
YDR309C,1152,2.86458,1.0,no
YNR041C,1119,2.859700000000001,1.0,no
YGR196C,2454,2.8524900000000004,0.0,yes
YNL007C,1059,2.83286,1.0,no
YML010W,3192,2.81955,11.0,no
YLR371W,4071,2.80029,15.0,no
YGL263W,1143,2.79965,1.0,no
YKR096W,3588,2.78707,10.0,no
YPL083C,1404,2.7777800000000004,9.0,no
YOR373W,2556,2.7777800000000004,28.0,yes
YDR259C,1152,2.7777800000000004,1.0,no
YDR213W,2742,2.7717,1.0,no
YLR177W,1887,2.7557,29.0,yes
YBR247C,1452,2.75482,2.0,yes
YOR328W,4695,2.7263,2.0,no
YER033C,3231,2.7236200000000004,17.0,yes
YOL045W,3306,2.7223200000000003,1.0,no
YPL203W,1143,2.71216,1.0,no
YDL126C,2508,2.71132,2.0,no
YGR173W,1107,2.71003,1.0,no
YOR017W,2403,2.70495,0.0,yes
YAL036C,1110,2.7027,1.0,no
YLL008W,2259,2.70031,2.0,no
YDR026C,1713,2.68535,1.0,no
YOR237W,1305,2.6819900000000003,1.0,no
YPL145C,1305,2.6819900000000003,1.0,no
YJL164C,1194,2.68007,1.0,no
YBL011W,2280,2.6754400000000005,19.0,yes
YBR294W,2580,2.67442,1.0,no
YNR075W,1125,2.6666700000000003,1.0,no
YDR021W,1200,2.6666700000000003,2.0,no
YHR205W,2475,2.6666700000000003,2.0,no
YOR230W,1314,2.6636200000000003,1.0,no
YPR185W,2217,2.66125,20.0,no
YNL307C,1128,2.65957,1.0,no
YNL134C,1131,2.6525200000000004,1.0,no
YMR227C,1773,2.6508700000000003,10.0,no
YBR205W,1215,2.6337400000000004,1.0,no
YOR374W,1560,2.62821,1.0,no
YJL162C,1752,2.62557,30.0,no
YER073W,1563,2.62316,1.0,no
YEL071W,1491,2.6156900000000003,1.0,no
YLR092W,2682,2.5727099999999994,1.0,no
YLL048C,4986,2.56719,2.0,no
YBL046W,1326,2.5641000000000003,2.0,no
YFL037W,1374,2.54731,1.0,no
YAL029C,4416,2.53623,1.0,no
YLR403W,2052,2.53411,11.0,yes
YIL119C,1224,2.53268,1.0,no
YCR061W,1896,2.53165,0.0,yes
YGR187C,1185,2.53165,1.0,no
YNR070W,4002,2.5237400000000005,1.0,no
YLR113W,1308,2.52294,1.0,no
YHR169W,1296,2.4691400000000003,1.0,no
YMR085W,1299,2.46343,1.0,no
YPR041W,1218,2.46305,1.0,no
YDL178W,1593,2.44821,1.0,no
YOR259C,1314,2.43531,1.0,no
YGL227W,2877,2.4330900000000004,25.0,yes
YLR055C,1809,2.43228,12.0,no
YMR124W,2832,2.40113,5.0,no
YKR048C,1254,2.3923400000000004,1.0,no
YFR014C,1341,2.3862799999999997,1.0,no
YMR044W,1428,2.38095,1.0,no
YOR326W,4725,2.3703700000000003,1.0,no
YGL215W,1359,2.35467,6.0,no
YOR359W,1572,2.3536900000000003,16.0,no
YNL206C,1368,2.3391800000000003,1.0,no
YGL035C,1515,2.31023,1.0,no
YCL048W,1392,2.29885,1.0,no
YER123W,1575,2.28571,1.0,no
YLR274W,2328,2.27663,1.0,no
YHR177W,1362,2.27606,1.0,no
YLL021W,4401,2.27221,0.0,yes
YPL053C,1341,2.23714,1.0,no
YLR369W,1974,2.22898,2.0,no
YOR081C,2250,2.22222,1.0,no
YGL014W,2667,2.2122200000000003,28.0,yes
YAL017W,4071,2.21076,1.0,no
YGR249W,1371,2.18818,1.0,no
YDL189W,1374,2.18341,2.0,no
YJR109C,3357,2.17456,1.0,no
YCR005C,1383,2.1692,1.0,no
YPR003C,2265,2.16336,0.0,yes
YKL198C,1989,2.1618900000000005,0.0,yes
YLR278C,4026,2.16095,30.0,yes
YMR136W,1683,2.1390400000000005,1.0,no
YDR516C,1503,2.12908,1.0,no
YCR091W,2163,2.1266800000000003,1.0,no
YDR522C,1509,2.12061,1.0,no
YMR239C,1416,2.11864,1.0,no
YBR169C,2082,2.11335,1.0,no
YPL106C,2082,2.11335,1.0,no
YMR290C,1518,2.1080400000000004,1.0,no
YER064C,1518,2.1080400000000004,1.0,no
YKL109W,1665,2.1021,2.0,no
YMR131C,1536,2.08333,1.0,no
YNR001C,1440,2.08333,1.0,no
YGR130C,2451,2.0807800000000003,0.0,yes
YHL035C,4779,2.05064,1.0,no
YGR241C,1707,2.05038,4.0,no
YER109C,2400,2.04167,32.0,no
YBL023C,2607,2.0329900000000003,1.0,no
YDL106C,1680,2.02381,2.0,no
YCR048W,1833,2.01855,1.0,no
YJR103W,1737,2.0149700000000004,1.0,no
YBL039C,1740,2.01149,1.0,no
YDL101C,1542,2.01038,1.0,no
YBR202W,2538,2.00946,1.0,no
YLR095C,2439,2.0090200000000005,22.0,yes
YJL129C,3708,1.96872,5.0,no
YBR274W,1584,1.95707,1.0,no
YJR015W,1533,1.95695,1.0,no
YML034W,2505,1.9560900000000003,19.0,yes
YGR233C,3537,1.95081,21.0,yes
YDL159W,1548,1.93798,1.0,no
YDR186C,2634,1.9362200000000005,11.0,no
YDR243C,1767,1.92417,1.0,no
YNR019W,1929,1.9180900000000003,1.0,no
YKL020C,3249,1.90828,1.0,no
YBR049C,2433,1.8906700000000003,1.0,no
YGL171W,1695,1.8879099999999998,1.0,no
YPR111W,1695,1.8879099999999998,1.0,no
YGR092W,1719,1.86155,1.0,no
YAL035W,3009,1.8610799999999998,19.0,yes
YIR033W,3342,1.8551799999999998,1.0,no
YDR080W,2979,1.8462599999999998,22.0,yes
YDR170C,6030,1.8408,24.0,yes
YKR089C,2733,1.8294900000000005,1.0,no
YLL061W,1752,1.8264799999999999,1.0,no
YGR197C,1644,1.82482,1.0,no
YOL115W,1755,1.82336,1.0,no
YML013W,1755,1.82336,2.0,no
YAR042W,3567,1.82226,11.0,no
YJL141C,2424,1.81518,17.0,yes
YOL013C,1656,1.8115900000000003,1.0,no
YAL011W,1878,1.81044,5.0,no
YOL020W,1779,1.7987599999999997,1.0,no
YOL011W,2061,1.7952400000000002,1.0,no
YOR156C,2181,1.78817,23.0,no
YDR212W,1680,1.78571,1.0,no
YJR064W,1689,1.7762,1.0,no
YBR069C,1860,1.7741900000000002,1.0,no
YJL073W,1938,1.75439,8.0,no
YKL017C,2052,1.75439,1.0,no
YOR211C,2646,1.7384700000000002,2.0,no
YBR021W,1902,1.73502,1.0,no
YIR028W,1908,1.7295599999999998,1.0,no
YMR306W,5358,1.7170599999999998,2.0,no
YNR047W,2682,1.71514,1.0,no
YML049C,4086,1.71317,10.0,yes
YLR028C,1776,1.6891900000000002,1.0,no
YMR120C,1779,1.6863400000000002,1.0,no
YGL201C,3054,1.6699400000000004,1.0,no
YBR017C,2757,1.66848,14.0,no
YIL056W,1923,1.6640700000000002,1.0,no
YNL299W,1929,1.6588900000000002,1.0,no
YMR237W,2175,1.6551699999999998,1.0,no
YLR451W,2661,1.6535099999999998,13.0,no
YOL148C,1815,1.6528900000000002,3.0,no
YCR084C,2142,1.63399,4.0,no
YBL085W,2943,1.63099,2.0,no
YLL013C,2640,1.6287899999999995,29.0,no
YMR016C,2358,1.6115399999999998,6.0,no
YOR299W,2241,1.60643,1.0,no
YPR189W,4299,1.60502,0.0,yes
YPR022C,3402,1.5873,33.0,yes
YNL047C,1971,1.5728100000000005,1.0,no
YML065W,2745,1.56648,5.0,no
YJL019W,2049,1.56174,1.0,no
YKL048C,1923,1.56006,1.0,no
YDR505C,2526,1.5439399999999999,5.0,no
YJR066W,7413,1.53784,1.0,no
YKL203C,7425,1.53535,1.0,no
YDR452W,2025,1.53086,1.0,no
YER166W,4716,1.52672,1.0,no
YDR093W,4839,1.4879099999999998,1.0,no
YKL104C,2154,1.48561,1.0,no
YNL144C,2223,1.4844799999999998,2.0,no
YNR011C,2631,1.48233,1.0,no
YNR060W,2160,1.48148,1.0,no
YMR104C,2034,1.4749299999999999,1.0,no
YGL178W,2580,1.47287,0.0,yes
YOR019W,2193,1.4591899999999998,1.0,no
YLR223C,3258,1.4426,6.0,no
YLL034C,2514,1.4319799999999998,1.0,no
YJR090C,3456,1.4178200000000003,32.0,yes
YGL013C,3207,1.40318,23.0,no
YMR216C,2229,1.39076,1.0,no
YIL112W,3252,1.38376,7.0,yes
YKR018C,2178,1.37741,1.0,no
YGL163C,2697,1.3718899999999998,1.0,no
YDR081C,2778,1.3678899999999998,1.0,no
YOL138C,4026,1.36612,20.0,yes
YJL082W,2196,1.36612,1.0,no
YDL138W,2292,1.3525299999999998,1.0,no
YBR079C,2895,1.34715,0.0,yes
YDL093W,2232,1.3440899999999998,1.0,no
YER015W,2235,1.34228,1.0,no
YML006C,2325,1.33333,1.0,no
YGL167C,2853,1.3319299999999998,2.0,no
YOR233W,2403,1.33167,1.0,no
YLR144C,2340,1.32479,1.0,no
YBL052C,2496,1.3221200000000002,1.0,no
YOR329C,2619,1.29821,10.0,no
YFR040W,3009,1.29611,1.0,no
YJL165C,2568,1.2850499999999998,4.0,no
YOR207C,3450,1.2463799999999998,1.0,no
YMR207C,6372,1.2398,1.0,no
YMR261C,3165,1.23223,1.0,no
YER047C,2694,1.22494,4.0,no
YDL095W,2454,1.2224899999999999,1.0,no
YDR443C,4263,1.2198,22.0,yes
YKR086W,3216,1.21269,1.0,no
YLR207W,2502,1.1990399999999999,1.0,no
YPR010C,3612,1.1904799999999998,1.0,no
YML100W,3297,1.18289,1.0,no
YNR016C,6702,1.17875,1.0,no
YPL216W,3309,1.1786,0.0,yes
YDL194W,2655,1.1676100000000005,1.0,no
YKR050W,2670,1.16105,1.0,no
YDR069C,2781,1.15067,1.0,no
YEL043W,2871,1.14943,1.0,no
YNL049C,2631,1.1402500000000002,1.0,no
YBR086C,2841,1.12636,1.0,no
YIL156W,3216,1.1194,9.0,no
YPL150W,2706,1.10865,1.0,no
YJL130C,6645,1.09857,1.0,no
YAL019W,3396,1.08952,4.0,no
YOR109W,3324,1.08303,1.0,no
YIL109C,2781,1.07875,1.0,no
YHL007C,2820,1.0638299999999998,1.0,no
YDR060W,3078,1.03964,3.0,no
YGR070W,3468,1.03806,1.0,no
YOL100W,3246,1.01664,1.0,no
YNL106C,3552,1.0135100000000001,1.0,no
YFL033C,5313,0.99755,29.0,yes
YER111C,3282,0.9750200000000001,7.0,no
YOR227W,3741,0.96231,1.0,no
YLR256W,4509,0.95365,10.0,no
YJR091C,3276,0.94628,1.0,no
YJR127C,4143,0.94135,23.0,no
YPL137C,3831,0.9397,1.0,no
YFR019W,6837,0.93608,27.0,yes
YOL078W,3531,0.93458,1.0,no
YNR067C,3354,0.92427,1.0,no
YIL151C,3357,0.9234399999999999,1.0,no
YJR031C,4227,0.8989799999999999,1.0,no
YMR047C,3342,0.8976700000000001,1.0,no
YNL054W,3498,0.8862200000000001,1.0,no
YER013W,3438,0.8726000000000002,1.0,no
YGR270W,4140,0.8695700000000001,1.0,no
YEL022W,4380,0.8675799999999999,1.0,no
YBR081C,3999,0.85021,2.0,no
YGL150C,4470,0.8277399999999999,0.0,yes
YKR103W,3657,0.82034,1.0,no
YER164W,4407,0.79419,1.0,no
YHR186C,4674,0.7488199999999999,3.0,no
YOR116C,4383,0.73009,1.0,no
YML103C,4968,0.72464,18.0,no
YOL004W,4611,0.71568,1.0,no
YLR419W,4308,0.6963800000000001,1.0,no
YCR093W,6327,0.61641,6.0,no
YML059C,5040,0.6150800000000001,1.0,no
YDL058W,5373,0.5955699999999999,1.0,no
YLR024C,5619,0.5695,1.0,no
YGR271W,5904,0.55894,1.0,no
YER172C,6492,0.50832,1.0,no
YBR140C,9279,0.33409,1.0,no
